<?xml version="1.0" encoding="UTF-8" standalone="no"?> 
<part_info part_name="xc7z010clg400-1">
<pins>
  <pin index="0" name ="btns_4bits_tri_i_0" iostandard="LVCMOS33" loc="D19"/>
  <pin index="1" name ="btns_4bits_tri_i_1" iostandard="LVCMOS33" loc="D20"/>
  <pin index="2" name ="btns_4bits_tri_i_2" iostandard="LVCMOS33" loc="L20"/>
  <pin index="3" name ="btns_4bits_tri_i_3" iostandard="LVCMOS33" loc="L19"/>
  <pin index="4" name ="leds_4bits_tri_o_0" iostandard="LVCMOS33" loc="R14"/>
  <pin index="5" name ="leds_4bits_tri_o_1" iostandard="LVCMOS33" loc="P14"/>
  <pin index="6" name ="leds_4bits_tri_o_2" iostandard="LVCMOS33" loc="N16"/>
  <pin index="7" name ="leds_4bits_tri_o_3" iostandard="LVCMOS33" loc="M14"/>
  <pin index="8" name ="sws_2bits_tri_i_0" iostandard="LVCMOS33" loc="M20"/>
  <pin index="9" name ="sws_2bits_tri_i_1" iostandard="LVCMOS33" loc="M19"/>
  <pin index="10" name ="sys_clk" iostandard="LVCMOS33" loc="H16"/>
  <pin index="11" name ="JA1" iostandard="LVCMOS33" loc="Y18"/>
  <pin index="12" name ="JA2" iostandard="LVCMOS33" loc="Y19"/>
  <pin index="13" name ="JA3" iostandard="LVCMOS33" loc="Y16"/>
  <pin index="14" name ="JA4" iostandard="LVCMOS33" loc="Y17"/>
  <pin index="15" name ="JA7" iostandard="LVCMOS33" loc="U18"/>
  <pin index="16" name ="JA8" iostandard="LVCMOS33" loc="U19"/>
  <pin index="17" name ="JA9" iostandard="LVCMOS33" loc="W18"/>
  <pin index="18" name ="JA10" iostandard="LVCMOS33" loc="W19"/>
  <pin index="19" name ="JB1" iostandard="LVCMOS33" loc="W14"/>
  <pin index="20" name ="JB2" iostandard="LVCMOS33" loc="Y14"/>
  <pin index="21" name ="JB3" iostandard="LVCMOS33" loc="T11"/>
  <pin index="22" name ="JB4" iostandard="LVCMOS33" loc="T10"/>
  <pin index="23" name ="JB7" iostandard="LVCMOS33" loc="V16"/>
  <pin index="24" name ="JB8" iostandard="LVCMOS33" loc="W16"/>
  <pin index="25" name ="JB9" iostandard="LVCMOS33" loc="V12"/>
  <pin index="26" name ="JB10" iostandard="LVCMOS33" loc="W13"/>
  <pin index="27" name ="i2c_scl_i" iostandard="LVCMOS33" loc="P16"/>
  <pin index="28" name ="i2c_sda_i" iostandard="LVCMOS33" loc="P15"/>
  <pin index="29" name ="rgb_led_tri_o_0" iostandard="LVCMOS33" loc="L15"/>
  <pin index="30" name ="rgb_led_tri_o_1" iostandard="LVCMOS33" loc="G17"/>
  <pin index="31" name ="rgb_led_tri_o_2" iostandard="LVCMOS33" loc="N15"/>
  <pin index="32" name ="rgb_led_tri_o_3" iostandard="LVCMOS33" loc="G14"/>
  <pin index="33" name ="rgb_led_tri_o_4" iostandard="LVCMOS33" loc="L14"/>
  <pin index="34" name ="rgb_led_tri_o_5" iostandard="LVCMOS33" loc="M15"/>
  <pin index="35" name ="shield_dp0_dp13_tri_i_0" iostandard="LVCMOS33" loc="T14"/>
  <pin index="36" name ="shield_dp0_dp13_tri_i_1" iostandard="LVCMOS33" loc="U12"/>
  <pin index="37" name ="shield_dp0_dp13_tri_i_2" iostandard="LVCMOS33" loc="U13"/>
  <pin index="38" name ="shield_dp0_dp13_tri_i_3" iostandard="LVCMOS33" loc="V13"/>
  <pin index="39" name ="shield_dp0_dp13_tri_i_4" iostandard="LVCMOS33" loc="V15"/>
  <pin index="40" name ="shield_dp0_dp13_tri_i_5" iostandard="LVCMOS33" loc="T15"/>
  <pin index="41" name ="shield_dp0_dp13_tri_i_6" iostandard="LVCMOS33" loc="R16"/>
  <pin index="42" name ="shield_dp0_dp13_tri_i_7" iostandard="LVCMOS33" loc="U17"/>
  <pin index="43" name ="shield_dp0_dp13_tri_i_8" iostandard="LVCMOS33" loc="V17"/>
  <pin index="44" name ="shield_dp0_dp13_tri_i_9" iostandard="LVCMOS33" loc="V18"/>
  <pin index="45" name ="shield_dp0_dp13_tri_i_10" iostandard="LVCMOS33" loc="T16"/>
  <pin index="46" name ="shield_dp0_dp13_tri_i_11" iostandard="LVCMOS33" loc="R17"/>
  <pin index="47" name ="shield_dp0_dp13_tri_i_12" iostandard="LVCMOS33" loc="P18"/>
  <pin index="48" name ="shield_dp0_dp13_tri_i_13" iostandard="LVCMOS33" loc="N17"/>
  <pin index="65" name ="spi_miso_i" iostandard="LVCMOS33" loc="W15"/>
  <pin index="66" name ="spi_mosi_i" iostandard="LVCMOS33" loc="T12"/>
  <pin index="67" name ="spi_sclk_i" iostandard="LVCMOS33" loc="H15"/>
  <pin index="68" name ="spi_ss_i" iostandard="LVCMOS33" loc="F16"/>
</pins>
</part_info>
